title,video_id,video_url,description
Python Full Course for Beginners,K5KVEU3aaeQ,https://www.youtube.com/watch?v=K5KVEU3aaeQ,"Master Python from scratch No fluff—just clear, practical coding skills to kickstart your journey! Want to dive deeper? - Check ..."
Python Full Course for free 🐍,ix9cRaBkVe0,https://www.youtube.com/watch?v=ix9cRaBkVe0,python #tutorial #beginners Python tutorial for beginners' full course 2024 *Learn Python in 1 HOUR* ...
Python Full Course for Beginners,_uQrJ0TkZlc,https://www.youtube.com/watch?v=_uQrJ0TkZlc,"Learn Python for AI, machine learning, and web development with this beginner-friendly course! Get 6 months of PyCharm ..."
Python Programming for Beginners Explained (Complete Introduction Guide) 2026,9QKe2RvjG-A,https://www.youtube.com/watch?v=9QKe2RvjG-A,"Learn coding & programming in Tagalog! Step-by-step tutorials for beginners. Perfect for Filipino learners who want practical, ..."
Python for Beginners - Learn Coding with Python in 1 Hour,kqtD5dpn9C8,https://www.youtube.com/watch?v=kqtD5dpn9C8,"Learn Python basics in just 1 hour! Perfect for beginners interested in AI and coding. ⚡ Plus, get 6 months of PyCharm FREE with ..."
Learn Python - Full Course for Beginners [Tutorial],rfscVS0vtbw,https://www.youtube.com/watch?v=rfscVS0vtbw,This course will give you a full introduction into all of the core concepts in python. Follow along with the videos and you'll be a ...
Python Tutorial for Absolute Beginners #1 - What Are Variables?,Z1Yd7upQsXY,https://www.youtube.com/watch?v=Z1Yd7upQsXY,Learn Python programming with this Python tutorial for beginners! Tips: 1. Here is the playlist of this series: https://goo.gl/eVauVX ...
Python Tutorial for Beginners - Learn Python in 5 Hours [FULL COURSE],t8pPdKYpowI,https://www.youtube.com/watch?v=t8pPdKYpowI,Grab your free IT Fundamentals Roadmap: https://bit.ly/3GV5Noy Hands-On course to learn the complete SDLC - from code to ...
Harvard CS50’s Introduction to Programming with Python – Full University Course,nLRL_NcnK-4,https://www.youtube.com/watch?v=nLRL_NcnK-4,Learn Python programming from Harvard University. It dives more deeply into the design and implementation of web apps with ...
👩‍💻 Python for Beginners Tutorial,b093aqAZiPU,https://www.youtube.com/watch?v=b093aqAZiPU,"In this step-by-step Python for beginner's tutorial, learn how you can get started programming in Python. In this video, I assume ..."
